Invoice_ID,City,Customer_type,Gender,Product_line,Quantity,Date
750-67-8428,Yangon,Member,Female,Health and beauty,7,01/05/2019
226-31-3081,Naypyitaw,Normal,Female,Electronic accessories,5,03/08/2019
631-41-3108,Yangon,Normal,Male,Home and lifestyle,7,03/03/2019
123-19-1176,Yangon,Member,Male,Health and beauty,8,1/27/2019
373-73-7910,Yangon,Normal,Male,Sports and travel,7,02/08/2019
699-14-3026,Naypyitaw,Normal,Male,Electronic accessories,7,3/25/2019
355-53-5943,Yangon,Member,Female,Electronic accessories,6,2/25/2019
315-22-5665,Naypyitaw,Normal,Female,Home and lifestyle,10,2/24/2019
665-32-9167,Yangon,Member,Female,Health and beauty,2,01/10/2019
289-65-5721,Mandalay,Normal,Female,Fashion accessories,2,3/13/2019
649-29-6775,Mandalay,Normal,Male,Fashion accessories,1,02/08/2019
420-04-7590,Mandalay,Normal,Male,Home and lifestyle,3,3/18/2019
365-64-0515,Yangon,Normal,Female,Electronic accessories,5,02/12/2019
252-56-2699,Yangon,Normal,Male,Food and beverages,10,02/07/2019
829-34-3910,Yangon,Normal,Female,Health and beauty,10,3/29/2019
669-54-1719,Mandalay,Member,Male,Electronic accessories,6,02/10/2019
656-95-9349,Yangon,Member,Female,Health and beauty,7,03/11/2019
765-26-6951,Yangon,Normal,Male,Sports and travel,6,01/01/2019
329-62-1586,Yangon,Normal,Male,Food and beverages,3,1/21/2019
841-18-8232,Mandalay,Normal,Female,Food and beverages,1,01/05/2019
300-71-4605,Naypyitaw,Member,Male,Electronic accessories,5,2/25/2019
371-85-5789,Mandalay,Normal,Male,Health and beauty,3,03/05/2019
151-33-7434,Mandalay,Normal,Female,Food and beverages,1,02/04/2019
636-48-8204,Yangon,Normal,Male,Electronic accessories,5,2/17/2019
549-59-1358,Yangon,Member,Male,Sports and travel,3,03/02/2019
227-03-5010,Yangon,Member,Female,Home and lifestyle,8,3/22/2019
301-81-8610,Mandalay,Member,Male,Fashion accessories,8,3/19/2019
189-17-4241,Yangon,Normal,Female,Fashion accessories,2,03/10/2019
242-55-6721,Mandalay,Normal,Male,Home and lifestyle,2,03/07/2019
848-62-7243,Yangon,Normal,Male,Health and beauty,9,3/15/2019
565-67-6697,Mandalay,Member,Male,Home and lifestyle,9,03/02/2019
434-35-9162,Mandalay,Member,Male,Food and beverages,4,02/04/2019
365-16-4334,Mandalay,Normal,Female,Food and beverages,8,2/24/2019
595-11-5460,Yangon,Normal,Male,Health and beauty,2,3/15/2019
183-56-6882,Naypyitaw,Member,Female,Food and beverages,4,02/06/2019
232-16-2483,Naypyitaw,Member,Female,Sports and travel,1,01/07/2019
129-29-8530,Yangon,Member,Male,Sports and travel,5,03/10/2019
272-65-1806,Yangon,Normal,Female,Electronic accessories,9,1/15/2019
333-73-7901,Naypyitaw,Normal,Female,Health and beauty,8,3/23/2019
566-19-5475,Mandalay,Normal,Male,Fashion accessories,7,01/07/2019
400-45-1220,Mandalay,Normal,Female,Health and beauty,10,2/27/2019
554-53-8700,Naypyitaw,Member,Male,Home and lifestyle,2,02/02/2019
764-44-8999,Mandalay,Normal,Female,Health and beauty,2,2/18/2019
228-96-1411,Naypyitaw,Member,Female,Food and beverages,8,03/04/2019
617-15-4209,Naypyitaw,Member,Male,Health and beauty,2,3/16/2019
636-98-3364,Mandalay,Member,Female,Electronic accessories,3,03/02/2019
760-54-1821,Mandalay,Normal,Male,Home and lifestyle,9,3/15/2019
378-24-2715,Mandalay,Normal,Male,Home and lifestyle,2,1/20/2019
891-58-8335,Mandalay,Member,Female,Sports and travel,7,03/11/2019
574-22-5561,Naypyitaw,Member,Female,Fashion accessories,10,3/19/2019
326-78-5178,Naypyitaw,Member,Male,Food and beverages,7,02/03/2019
162-48-8011,Yangon,Member,Female,Food and beverages,5,02/10/2019
109-86-4363,Mandalay,Member,Female,Sports and travel,7,2/14/2019
778-71-5554,Naypyitaw,Member,Male,Fashion accessories,1,1/25/2019
831-81-6575,Mandalay,Member,Female,Electronic accessories,9,2/23/2019
399-46-5918,Naypyitaw,Normal,Female,Electronic accessories,8,2/28/2019
106-35-6779,Yangon,Member,Male,Home and lifestyle,2,3/27/2019
635-40-6220,Yangon,Normal,Male,Health and beauty,8,02/07/2019
817-48-8732,Yangon,Member,Female,Home and lifestyle,10,1/20/2019
120-06-4233,Naypyitaw,Normal,Male,Electronic accessories,6,03/12/2019
285-68-5083,Naypyitaw,Member,Female,Sports and travel,3,2/15/2019
803-83-5989,Naypyitaw,Normal,Male,Home and lifestyle,6,2/24/2019
214-30-2776,Mandalay,Member,Female,Electronic accessories,5,03/11/2019
199-75-8169,Yangon,Member,Male,Sports and travel,10,03/06/2019
280-35-5823,Mandalay,Member,Female,Home and lifestyle,1,1/17/2019
877-22-3308,Yangon,Member,Male,Health and beauty,10,3/13/2019
838-78-4295,Naypyitaw,Normal,Female,Health and beauty,2,02/10/2019
501-61-1753,Mandalay,Normal,Female,Home and lifestyle,6,01/03/2019
232-11-3025,Yangon,Normal,Male,Sports and travel,10,1/24/2019
382-03-4532,Yangon,Member,Female,Health and beauty,1,02/02/2019
393-65-2792,Naypyitaw,Normal,Male,Food and beverages,10,01/06/2019
796-12-2025,Naypyitaw,Normal,Male,Fashion accessories,10,02/11/2019
503-21-4385,Mandalay,Member,Male,Health and beauty,3,2/21/2019
841-35-6630,Naypyitaw,Normal,Female,Electronic accessories,6,03/09/2019
287-21-9091,Yangon,Normal,Male,Home and lifestyle,9,1/22/2019
732-94-0499,Naypyitaw,Normal,Female,Electronic accessories,10,1/13/2019
263-10-3913,Naypyitaw,Member,Male,Fashion accessories,9,01/09/2019
381-20-0914,Yangon,Member,Female,Fashion accessories,9,01/12/2019
829-49-1914,Naypyitaw,Member,Female,Food and beverages,10,03/05/2019
756-01-7507,Naypyitaw,Normal,Female,Health and beauty,5,1/22/2019
870-72-4431,Naypyitaw,Normal,Female,Health and beauty,6,1/21/2019
895-66-0685,Mandalay,Member,Male,Food and beverages,3,03/05/2019
480-63-2856,Naypyitaw,Normal,Male,Food and beverages,8,1/23/2019
787-56-0757,Naypyitaw,Member,Female,Food and beverages,4,2/23/2019
360-39-5055,Naypyitaw,Member,Male,Sports and travel,5,03/09/2019
730-50-9884,Naypyitaw,Normal,Female,Sports and travel,7,03/05/2019
362-58-8315,Naypyitaw,Normal,Male,Fashion accessories,5,3/25/2019
633-44-8566,Yangon,Member,Male,Food and beverages,7,3/27/2019
504-35-8843,Yangon,Normal,Male,Sports and travel,1,01/02/2019
616-24-2851,Mandalay,Member,Female,Fashion accessories,4,3/22/2019
565-80-5980,Naypyitaw,Member,Female,Home and lifestyle,4,1/23/2019
225-32-0908,Naypyitaw,Normal,Female,Sports and travel,10,1/26/2019
873-51-0671,Yangon,Member,Female,Sports and travel,7,01/10/2019
299-46-1805,Mandalay,Member,Female,Sports and travel,6,1/15/2019
512-91-0811,Naypyitaw,Normal,Male,Health and beauty,1,02/06/2019
594-34-4444,Yangon,Normal,Male,Electronic accessories,1,03/08/2019
510-95-6347,Mandalay,Member,Female,Food and beverages,3,03/05/2019
871-39-9221,Naypyitaw,Normal,Female,Electronic accessories,6,02/09/2019
865-92-6136,Yangon,Normal,Male,Food and beverages,3,3/23/2019
665-63-9737,Mandalay,Normal,Male,Fashion accessories,3,2/27/2019
163-56-7055,Naypyitaw,Member,Male,Fashion accessories,1,3/26/2019
189-98-2939,Naypyitaw,Normal,Male,Fashion accessories,9,03/01/2019
551-21-3069,Naypyitaw,Normal,Female,Electronic accessories,9,02/01/2019
212-62-1842,Yangon,Normal,Male,Food and beverages,6,3/28/2019
789-23-8625,Mandalay,Member,Male,Fashion accessories,3,1/24/2019
704-48-3927,Yangon,Member,Male,Electronic accessories,10,01/12/2019
628-34-3388,Naypyitaw,Normal,Male,Fashion accessories,6,01/05/2019
630-74-5166,Yangon,Normal,Male,Sports and travel,6,3/22/2019
588-01-7461,Naypyitaw,Normal,Female,Food and beverages,9,3/24/2019
861-77-0145,Naypyitaw,Member,Male,Electronic accessories,10,03/03/2019
296-11-7041,Mandalay,Member,Female,Health and beauty,1,01/12/2019
210-67-5886,Naypyitaw,Member,Female,Health and beauty,3,02/05/2019
692-27-8933,Mandalay,Normal,Female,Sports and travel,6,2/24/2019
645-44-1170,Yangon,Member,Male,Home and lifestyle,9,1/19/2019
237-01-6122,Naypyitaw,Member,Female,Home and lifestyle,9,02/01/2019
225-98-1496,Naypyitaw,Normal,Female,Fashion accessories,3,03/02/2019
725-67-2480,Mandalay,Member,Female,Fashion accessories,6,3/24/2019
197-77-7132,Mandalay,Member,Male,Electronic accessories,8,01/12/2019
642-32-2990,Yangon,Normal,Female,Food and beverages,10,02/02/2019
574-31-8277,Mandalay,Member,Male,Fashion accessories,1,3/20/2019
638-60-7125,Yangon,Normal,Female,Electronic accessories,8,2/14/2019
659-36-1684,Naypyitaw,Member,Male,Sports and travel,7,01/12/2019
198-84-7132,Mandalay,Member,Male,Fashion accessories,9,01/02/2019
336-78-2147,Naypyitaw,Member,Male,Home and lifestyle,8,3/13/2019
305-89-2768,Mandalay,Member,Female,Home and lifestyle,3,01/09/2019
668-90-8900,Yangon,Normal,Female,Home and lifestyle,7,03/10/2019
870-54-3162,Yangon,Normal,Female,Sports and travel,5,1/27/2019
189-08-9157,Naypyitaw,Normal,Female,Fashion accessories,9,01/08/2019
663-86-9076,Naypyitaw,Member,Female,Food and beverages,8,01/08/2019
596-42-3999,Mandalay,Normal,Male,Food and beverages,7,03/10/2019
511-54-3087,Mandalay,Normal,Male,Sports and travel,1,2/25/2019
802-70-5316,Yangon,Member,Female,Sports and travel,6,03/06/2019
201-86-2184,Mandalay,Member,Female,Electronic accessories,7,02/02/2019
156-20-0370,Mandalay,Normal,Female,Electronic accessories,1,03/10/2019
483-71-1164,Naypyitaw,Normal,Female,Health and beauty,6,03/08/2019
597-78-7908,Naypyitaw,Normal,Male,Fashion accessories,3,2/18/2019
700-81-1757,Yangon,Normal,Female,Electronic accessories,5,1/18/2019
354-39-5160,Yangon,Member,Female,Home and lifestyle,6,2/18/2019
361-59-0574,Mandalay,Member,Male,Sports and travel,8,3/15/2019
575-30-8091,Yangon,Normal,Male,Sports and travel,8,3/16/2019
731-81-9469,Naypyitaw,Member,Female,Sports and travel,10,1/23/2019
280-17-4359,Naypyitaw,Member,Male,Health and beauty,10,1/25/2019
338-65-2210,Naypyitaw,Member,Female,Health and beauty,10,02/05/2019
488-25-4221,Naypyitaw,Member,Female,Food and beverages,1,2/22/2019
239-10-7476,Yangon,Normal,Female,Home and lifestyle,6,1/21/2019
458-41-1477,Naypyitaw,Normal,Female,Health and beauty,6,03/08/2019
685-64-1609,Yangon,Member,Female,Fashion accessories,10,02/10/2019
568-90-5112,Naypyitaw,Normal,Male,Health and beauty,4,3/19/2019
549-84-7482,Mandalay,Normal,Female,Sports and travel,9,02/08/2019
238-49-0436,Yangon,Normal,Male,Health and beauty,8,3/27/2019
366-43-6862,Mandalay,Normal,Male,Electronic accessories,4,3/25/2019
584-86-7256,Naypyitaw,Member,Male,Sports and travel,7,03/11/2019
746-94-0204,Yangon,Normal,Male,Fashion accessories,9,1/29/2019
214-17-6927,Naypyitaw,Normal,Female,Food and beverages,6,02/07/2019
400-89-4171,Naypyitaw,Normal,Female,Sports and travel,8,1/28/2019
782-95-9291,Yangon,Member,Male,Food and beverages,5,2/20/2019
628-90-8624,Mandalay,Member,Male,Health and beauty,10,3/14/2019
418-05-0656,Mandalay,Normal,Female,Fashion accessories,7,02/02/2019
642-61-4706,Mandalay,Member,Male,Food and beverages,2,3/30/2019
852-62-7105,Mandalay,Normal,Female,Fashion accessories,10,01/12/2019
894-41-5205,Naypyitaw,Normal,Female,Food and beverages,8,1/19/2019
275-28-0149,Yangon,Normal,Male,Sports and travel,1,2/25/2019
101-17-6199,Yangon,Normal,Male,Food and beverages,7,3/13/2019
423-80-0988,Naypyitaw,Normal,Male,Sports and travel,2,1/30/2019
544-55-9589,Mandalay,Member,Female,Electronic accessories,10,1/28/2019
640-48-5028,Mandalay,Member,Female,Home and lifestyle,9,03/02/2019
234-65-2137,Naypyitaw,Normal,Male,Home and lifestyle,10,1/16/2019
687-47-8271,Yangon,Normal,Male,Fashion accessories,10,02/08/2019
796-32-9050,Yangon,Normal,Male,Food and beverages,6,1/19/2019
105-31-1824,Yangon,Member,Male,Sports and travel,7,02/01/2019
249-42-3782,Yangon,Normal,Male,Health and beauty,5,01/03/2019
388-76-2555,Mandalay,Normal,Male,Sports and travel,6,2/13/2019
733-33-4967,Naypyitaw,Normal,Male,Electronic accessories,8,03/03/2019
732-04-5373,Mandalay,Member,Male,Home and lifestyle,4,02/08/2019
746-04-1077,Mandalay,Member,Female,Food and beverages,10,01/01/2019
827-26-2100,Yangon,Member,Male,Home and lifestyle,9,3/21/2019
175-54-2529,Yangon,Member,Male,Food and beverages,8,03/03/2019
139-52-2867,Naypyitaw,Normal,Female,Fashion accessories,7,2/13/2019
407-63-8975,Yangon,Normal,Male,Food and beverages,6,3/23/2019
342-65-4817,Naypyitaw,Member,Male,Health and beauty,3,1/28/2019
130-98-8941,Naypyitaw,Normal,Male,Fashion accessories,7,02/09/2019
434-83-9547,Naypyitaw,Member,Male,Food and beverages,8,1/23/2019
851-28-6367,Yangon,Member,Male,Sports and travel,10,3/23/2019
824-88-3614,Naypyitaw,Normal,Male,Health and beauty,8,1/25/2019
586-25-0848,Yangon,Normal,Female,Sports and travel,7,03/04/2019
695-51-0018,Mandalay,Normal,Female,Sports and travel,4,02/10/2019
767-97-4650,Mandalay,Member,Female,Sports and travel,2,01/08/2019
565-91-4567,Mandalay,Normal,Male,Health and beauty,8,3/15/2019
400-60-7251,Yangon,Normal,Male,Home and lifestyle,1,02/10/2019
593-65-1552,Naypyitaw,Normal,Female,Home and lifestyle,4,1/28/2019
563-47-4072,Mandalay,Normal,Female,Health and beauty,6,1/22/2019
670-71-7306,Mandalay,Normal,Male,Sports and travel,6,01/02/2019
286-43-6208,Naypyitaw,Normal,Female,Food and beverages,9,3/16/2019
234-36-2483,Mandalay,Normal,Male,Health and beauty,6,2/15/2019
831-07-6050,Yangon,Normal,Male,Electronic accessories,5,3/19/2019
556-86-3144,Naypyitaw,Member,Female,Fashion accessories,1,1/13/2019
848-24-9445,Naypyitaw,Member,Male,Health and beauty,2,3/26/2019
856-22-8149,Yangon,Normal,Female,Home and lifestyle,1,3/23/2019
699-01-4164,Naypyitaw,Normal,Male,Health and beauty,4,03/12/2019
420-11-4919,Naypyitaw,Member,Female,Food and beverages,5,2/17/2019
606-80-4905,Naypyitaw,Member,Female,Sports and travel,6,1/29/2019
273-16-6619,Mandalay,Normal,Male,Home and lifestyle,2,3/15/2019
426-39-2418,Naypyitaw,Normal,Male,Electronic accessories,7,1/14/2019
423-57-2993,Mandalay,Normal,Male,Sports and travel,6,3/27/2019
655-85-5130,Mandalay,Member,Female,Fashion accessories,4,3/13/2019
749-24-1565,Yangon,Normal,Female,Health and beauty,9,01/03/2019
672-51-8681,Naypyitaw,Member,Female,Electronic accessories,9,01/04/2019
263-87-5680,Naypyitaw,Member,Female,Home and lifestyle,10,3/18/2019
744-09-5786,Mandalay,Normal,Male,Electronic accessories,6,01/02/2019
821-14-9046,Mandalay,Member,Female,Fashion accessories,6,1/18/2019
888-02-0338,Yangon,Normal,Male,Electronic accessories,9,1/25/2019
677-11-0152,Naypyitaw,Normal,Female,Food and beverages,9,1/16/2019
875-31-8302,Mandalay,Normal,Male,Sports and travel,1,01/03/2019
573-58-9734,Mandalay,Normal,Female,Fashion accessories,3,3/28/2019
605-83-1050,Mandalay,Normal,Male,Fashion accessories,2,3/15/2019
802-43-8934,Yangon,Normal,Male,Home and lifestyle,1,3/22/2019
339-38-9982,Mandalay,Member,Male,Fashion accessories,2,1/13/2019
319-74-2561,Yangon,Member,Female,Electronic accessories,3,2/21/2019
291-32-1427,Mandalay,Member,Male,Fashion accessories,5,03/05/2019
319-50-3348,Mandalay,Normal,Female,Home and lifestyle,2,03/11/2019
783-09-1637,Mandalay,Normal,Female,Sports and travel,5,03/06/2019
291-59-1384,Mandalay,Normal,Male,Electronic accessories,1,2/28/2019
389-25-3394,Naypyitaw,Normal,Male,Electronic accessories,5,2/17/2019
279-62-1445,Naypyitaw,Member,Female,Fashion accessories,1,2/21/2019
213-72-6612,Yangon,Normal,Male,Food and beverages,2,3/20/2019
746-68-6593,Naypyitaw,Member,Female,Sports and travel,2,01/11/2019
356-44-8813,Mandalay,Normal,Male,Home and lifestyle,3,1/20/2019
583-72-1480,Naypyitaw,Member,Male,Electronic accessories,4,1/31/2019
871-79-8483,Mandalay,Normal,Male,Fashion accessories,5,2/25/2019
721-86-6247,Yangon,Normal,Female,Home and lifestyle,8,03/11/2019
349-97-8902,Mandalay,Member,Male,Food and beverages,2,1/17/2019
498-41-1961,Mandalay,Normal,Male,Health and beauty,5,2/20/2019
554-53-3790,Mandalay,Normal,Male,Sports and travel,6,3/22/2019
470-31-3286,Mandalay,Normal,Male,Health and beauty,3,03/01/2019
157-13-5295,Yangon,Member,Male,Health and beauty,10,03/09/2019
645-78-8093,Yangon,Normal,Female,Sports and travel,2,1/20/2019
211-30-9270,Naypyitaw,Normal,Male,Health and beauty,5,1/28/2019
755-12-3214,Naypyitaw,Member,Female,Fashion accessories,5,03/05/2019
793-10-3222,Mandalay,Member,Female,Health and beauty,6,03/05/2019
478-06-7835,Yangon,Normal,Male,Fashion accessories,1,01/11/2019
540-11-4336,Yangon,Normal,Male,Food and beverages,9,01/11/2019
448-81-5016,Yangon,Normal,Male,Health and beauty,2,03/11/2019
142-72-4741,Naypyitaw,Member,Male,Fashion accessories,2,2/28/2019
217-58-1179,Yangon,Member,Male,Home and lifestyle,4,01/05/2019
286-62-6248,Mandalay,Normal,Male,Fashion accessories,4,1/16/2019
530-90-9855,Yangon,Member,Male,Home and lifestyle,8,01/01/2019
825-94-5922,Mandalay,Normal,Male,Sports and travel,2,03/02/2019
604-70-6476,Yangon,Member,Male,Fashion accessories,5,1/23/2019
799-71-1548,Yangon,Member,Male,Electronic accessories,4,01/07/2019
725-32-9708,Mandalay,Member,Female,Fashion accessories,4,01/04/2019
200-40-6154,Mandalay,Member,Male,Home and lifestyle,6,02/09/2019
662-47-5456,Naypyitaw,Member,Male,Fashion accessories,10,3/17/2019
883-17-4236,Naypyitaw,Normal,Female,Sports and travel,2,03/02/2019
290-68-2984,Yangon,Normal,Male,Home and lifestyle,4,3/16/2019
704-11-6354,Yangon,Member,Male,Home and lifestyle,8,01/06/2019
347-34-2234,Mandalay,Member,Female,Sports and travel,9,02/03/2019
366-93-0948,Yangon,Member,Male,Electronic accessories,1,1/31/2019
729-09-9681,Yangon,Member,Male,Home and lifestyle,6,02/05/2019
151-16-1484,Yangon,Member,Male,Electronic accessories,4,2/13/2019
380-94-4661,Naypyitaw,Member,Male,Electronic accessories,4,02/07/2019
850-41-9669,Yangon,Normal,Female,Electronic accessories,9,3/19/2019
821-07-3596,Naypyitaw,Normal,Female,Fashion accessories,4,03/07/2019
262-47-2794,Mandalay,Member,Male,Home and lifestyle,8,03/06/2019
447-15-7839,Yangon,Member,Female,Sports and travel,10,02/09/2019
394-43-4238,Mandalay,Member,Male,Home and lifestyle,5,2/15/2019
253-12-6086,Yangon,Member,Female,Sports and travel,7,03/12/2019
808-65-0703,Naypyitaw,Normal,Male,Home and lifestyle,4,3/14/2019
659-65-8956,Mandalay,Member,Male,Fashion accessories,1,1/16/2019
144-51-6085,Yangon,Member,Male,Home and lifestyle,4,01/05/2019
731-14-2199,Yangon,Member,Female,Home and lifestyle,10,01/04/2019
305-18-3552,Mandalay,Member,Male,Home and lifestyle,10,02/12/2019
687-15-1097,Naypyitaw,Member,Female,Health and beauty,2,01/03/2019
126-54-1082,Yangon,Member,Female,Home and lifestyle,9,01/07/2019
633-91-1052,Yangon,Normal,Female,Home and lifestyle,2,1/27/2019
219-22-9386,Mandalay,Member,Male,Sports and travel,9,03/09/2019
181-82-6255,Mandalay,Normal,Female,Home and lifestyle,6,02/08/2019
526-86-8552,Naypyitaw,Member,Female,Home and lifestyle,10,01/07/2019
376-56-3573,Naypyitaw,Normal,Female,Fashion accessories,4,02/02/2019
537-72-0426,Naypyitaw,Member,Male,Fashion accessories,10,3/20/2019
828-61-5674,Yangon,Member,Male,Sports and travel,10,3/20/2019
136-08-6195,Yangon,Normal,Female,Home and lifestyle,8,2/15/2019
523-38-0215,Naypyitaw,Normal,Male,Home and lifestyle,1,03/06/2019
490-29-1201,Yangon,Normal,Female,Sports and travel,1,01/06/2019
667-92-0055,Yangon,Member,Male,Health and beauty,6,03/04/2019
565-17-3836,Yangon,Member,Female,Health and beauty,4,03/12/2019
532-59-7201,Mandalay,Member,Male,Sports and travel,6,1/31/2019
593-95-4461,Naypyitaw,Member,Male,Home and lifestyle,1,3/24/2019
226-71-3580,Naypyitaw,Normal,Female,Sports and travel,9,1/31/2019
699-88-1972,Mandalay,Normal,Male,Health and beauty,8,1/28/2019
430-60-3493,Yangon,Member,Female,Home and lifestyle,7,02/03/2019
729-06-2010,Mandalay,Member,Male,Health and beauty,9,01/06/2019
558-80-4082,Naypyitaw,Normal,Male,Electronic accessories,7,3/14/2019
278-97-7759,Yangon,Member,Female,Electronic accessories,1,2/18/2019
316-68-6352,Yangon,Member,Female,Food and beverages,2,1/21/2019
794-42-3736,Mandalay,Normal,Male,Food and beverages,2,1/26/2019
211-05-0490,Naypyitaw,Member,Female,Electronic accessories,5,03/03/2019
727-75-6477,Naypyitaw,Normal,Male,Electronic accessories,4,3/29/2019
744-02-5987,Yangon,Member,Male,Home and lifestyle,6,01/10/2019
307-83-9164,Yangon,Member,Male,Home and lifestyle,4,1/25/2019
779-06-0012,Naypyitaw,Member,Female,Home and lifestyle,1,1/19/2019
446-47-6729,Naypyitaw,Normal,Male,Fashion accessories,2,01/02/2019
853-23-2453,Mandalay,Member,Male,Health and beauty,4,2/14/2019
735-06-4124,Naypyitaw,Normal,Male,Food and beverages,1,2/25/2019
439-54-7422,Yangon,Normal,Female,Electronic accessories,4,3/18/2019
539-21-7227,Mandalay,Normal,Female,Sports and travel,5,1/26/2019
411-77-0180,Yangon,Member,Male,Electronic accessories,7,3/26/2019
286-01-5402,Yangon,Normal,Female,Sports and travel,7,3/30/2019
803-17-8013,Yangon,Member,Female,Home and lifestyle,8,2/17/2019
512-98-1403,Yangon,Member,Female,Electronic accessories,3,3/21/2019
848-42-2560,Yangon,Normal,Female,Fashion accessories,2,03/05/2019
339-96-8318,Mandalay,Member,Male,Fashion accessories,7,03/01/2019
181-94-6432,Naypyitaw,Member,Male,Fashion accessories,2,02/05/2019
870-76-1733,Yangon,Member,Female,Food and beverages,5,02/01/2019
423-64-4619,Yangon,Member,Female,Health and beauty,9,03/07/2019
227-07-4446,Naypyitaw,Member,Female,Electronic accessories,10,02/10/2019
174-36-3675,Naypyitaw,Member,Male,Food and beverages,2,2/14/2019
428-83-5800,Naypyitaw,Member,Female,Food and beverages,3,02/09/2019
603-07-0961,Naypyitaw,Member,Male,Electronic accessories,5,01/10/2019
704-20-4138,Naypyitaw,Member,Female,Health and beauty,7,03/11/2019
787-15-1757,Naypyitaw,Member,Male,Health and beauty,4,2/18/2019
649-11-3678,Naypyitaw,Normal,Female,Food and beverages,9,2/26/2019
622-20-1945,Naypyitaw,Normal,Female,Health and beauty,1,1/18/2019
372-94-8041,Yangon,Normal,Male,Health and beauty,6,2/15/2019
563-91-7120,Yangon,Normal,Female,Fashion accessories,5,03/08/2019
746-54-5508,Yangon,Normal,Male,Home and lifestyle,6,1/17/2019
767-54-1907,Mandalay,Member,Female,Fashion accessories,5,2/13/2019
815-11-1168,Yangon,Member,Male,Food and beverages,5,03/09/2019
719-76-3868,Naypyitaw,Member,Male,Food and beverages,4,03/12/2019
731-59-7531,Mandalay,Member,Male,Health and beauty,8,3/30/2019
340-66-0321,Yangon,Member,Male,Electronic accessories,4,3/25/2019
776-68-1096,Mandalay,Normal,Male,Home and lifestyle,3,3/18/2019
634-97-8956,Yangon,Normal,Male,Food and beverages,3,2/17/2019
566-71-1091,Yangon,Normal,Male,Fashion accessories,5,02/03/2019
442-48-3607,Yangon,Member,Male,Food and beverages,2,3/14/2019
835-16-0096,Naypyitaw,Member,Male,Sports and travel,5,3/24/2019
527-09-6272,Yangon,Member,Female,Electronic accessories,5,3/21/2019
898-04-2717,Yangon,Normal,Male,Fashion accessories,9,3/19/2019
222-42-0244,Mandalay,Member,Female,Health and beauty,9,1/28/2019
633-09-3463,Naypyitaw,Normal,Female,Electronic accessories,3,3/28/2019
715-20-1673,Mandalay,Normal,Male,Electronic accessories,5,03/06/2019
873-95-4984,Mandalay,Member,Female,Health and beauty,7,2/15/2019
188-55-0967,Mandalay,Member,Male,Health and beauty,10,1/15/2019
785-96-0615,Mandalay,Member,Female,Electronic accessories,8,2/17/2019
416-13-5917,Naypyitaw,Normal,Female,Food and beverages,5,1/30/2019
150-89-8043,Yangon,Normal,Male,Sports and travel,3,2/14/2019
135-84-8019,Yangon,Normal,Female,Fashion accessories,9,2/27/2019
441-94-7118,Yangon,Member,Male,Electronic accessories,1,02/04/2019
725-96-3778,Naypyitaw,Member,Female,Home and lifestyle,8,1/20/2019
531-80-1784,Yangon,Normal,Male,Electronic accessories,7,3/28/2019
234-03-4040,Mandalay,Member,Female,Food and beverages,10,03/03/2019
860-79-0874,Naypyitaw,Member,Female,Fashion accessories,10,2/15/2019
834-61-8124,Yangon,Normal,Male,Electronic accessories,7,1/26/2019
707-32-7409,Mandalay,Member,Female,Sports and travel,4,2/26/2019
133-77-3154,Mandalay,Member,Male,Fashion accessories,4,2/16/2019
320-49-6392,Naypyitaw,Normal,Female,Electronic accessories,1,03/04/2019
114-35-5271,Mandalay,Normal,Female,Electronic accessories,8,02/07/2019
632-90-0281,Naypyitaw,Normal,Female,Fashion accessories,10,03/08/2019
554-42-2417,Naypyitaw,Normal,Female,Sports and travel,10,01/09/2019
533-66-5566,Mandalay,Normal,Female,Home and lifestyle,7,01/12/2019
650-98-6268,Mandalay,Member,Female,Food and beverages,3,3/20/2019
612-36-5536,Yangon,Member,Male,Food and beverages,8,2/17/2019
605-72-4132,Naypyitaw,Normal,Female,Food and beverages,8,2/27/2019
471-41-2823,Naypyitaw,Normal,Male,Food and beverages,2,03/07/2019
462-67-9126,Yangon,Normal,Male,Home and lifestyle,6,1/21/2019
272-27-9238,Naypyitaw,Normal,Female,Food and beverages,4,2/19/2019
834-25-9262,Naypyitaw,Normal,Female,Fashion accessories,4,01/06/2019
122-61-9553,Naypyitaw,Normal,Female,Electronic accessories,9,3/14/2019
468-88-0009,Yangon,Member,Male,Home and lifestyle,4,3/24/2019
613-59-9758,Naypyitaw,Normal,Female,Sports and travel,10,1/27/2019
254-31-0042,Yangon,Member,Male,Electronic accessories,9,03/06/2019
176-64-7711,Mandalay,Normal,Male,Food and beverages,3,3/27/2019
374-17-3652,Mandalay,Member,Female,Food and beverages,9,02/05/2019
730-70-9830,Naypyitaw,Normal,Female,Home and lifestyle,6,3/14/2019
382-25-8917,Naypyitaw,Normal,Male,Fashion accessories,6,1/29/2019
422-29-8786,Yangon,Normal,Female,Home and lifestyle,5,01/03/2019
667-23-5919,Yangon,Member,Female,Fashion accessories,5,1/14/2019
845-51-0542,Mandalay,Member,Male,Food and beverages,9,02/02/2019
743-88-1662,Naypyitaw,Normal,Male,Sports and travel,7,2/22/2019
595-86-2894,Naypyitaw,Member,Male,Fashion accessories,4,02/06/2019
827-44-5872,Mandalay,Member,Female,Food and beverages,10,02/07/2019
289-15-7034,Yangon,Member,Male,Sports and travel,4,01/11/2019
462-78-5240,Naypyitaw,Normal,Female,Electronic accessories,2,3/19/2019
448-34-8700,Mandalay,Member,Male,Home and lifestyle,7,02/10/2019
153-58-4872,Naypyitaw,Member,Female,Food and beverages,4,03/01/2019
662-72-2873,Yangon,Normal,Female,Food and beverages,5,01/06/2019
430-53-4718,Mandalay,Member,Male,Health and beauty,8,1/28/2019
689-16-9784,Naypyitaw,Normal,Male,Food and beverages,6,03/11/2019
725-56-0833,Yangon,Normal,Female,Health and beauty,10,2/20/2019
394-41-0748,Naypyitaw,Member,Female,Fashion accessories,9,1/27/2019
437-53-3084,Mandalay,Normal,Male,Fashion accessories,2,2/26/2019
541-89-9860,Naypyitaw,Member,Female,Fashion accessories,3,2/15/2019
834-45-5519,Mandalay,Normal,Female,Electronic accessories,4,1/31/2019
563-36-9814,Yangon,Member,Male,Electronic accessories,1,2/13/2019
308-47-4913,Yangon,Member,Female,Sports and travel,10,03/09/2019
885-17-6250,Yangon,Normal,Female,Health and beauty,1,03/06/2019
726-27-2396,Yangon,Normal,Female,Health and beauty,5,1/24/2019
316-01-3952,Yangon,Normal,Female,Food and beverages,5,3/13/2019
418-02-5978,Mandalay,Normal,Female,Health and beauty,9,02/11/2019
676-10-2200,Mandalay,Member,Male,Fashion accessories,1,02/03/2019
883-69-1285,Mandalay,Member,Male,Fashion accessories,2,03/06/2019
110-05-6330,Naypyitaw,Normal,Female,Food and beverages,6,3/25/2019
651-61-0874,Naypyitaw,Normal,Male,Home and lifestyle,4,03/12/2019
236-86-3015,Naypyitaw,Member,Male,Home and lifestyle,1,02/04/2019
120-54-2248,Mandalay,Normal,Female,Food and beverages,5,1/22/2019
587-03-7455,Naypyitaw,Member,Female,Fashion accessories,7,2/16/2019
882-40-4577,Yangon,Member,Male,Sports and travel,4,1/19/2019
732-67-5346,Yangon,Normal,Male,Food and beverages,5,01/11/2019
425-85-2085,Mandalay,Member,Male,Health and beauty,5,3/29/2019
256-08-8343,Yangon,Normal,Female,Home and lifestyle,4,03/04/2019
372-26-1506,Naypyitaw,Normal,Female,Fashion accessories,5,1/28/2019
174-64-0215,Mandalay,Normal,Male,Sports and travel,10,03/05/2019
616-87-0016,Mandalay,Normal,Male,Fashion accessories,7,03/09/2019
132-23-6451,Yangon,Member,Male,Health and beauty,5,01/04/2019
696-90-2548,Yangon,Normal,Male,Sports and travel,3,03/10/2019
472-15-9636,Yangon,Normal,Male,Home and lifestyle,8,3/22/2019
525-88-7307,Mandalay,Member,Male,Sports and travel,1,1/31/2019
750-57-9686,Naypyitaw,Normal,Female,Home and lifestyle,4,01/08/2019
186-09-3669,Naypyitaw,Member,Female,Health and beauty,1,1/22/2019
811-35-1094,Mandalay,Member,Male,Electronic accessories,6,02/06/2019
745-71-3520,Yangon,Member,Female,Electronic accessories,7,02/04/2019
266-76-6436,Naypyitaw,Member,Female,Food and beverages,3,3/28/2019
740-22-2500,Naypyitaw,Normal,Female,Electronic accessories,3,1/23/2019
271-88-8734,Naypyitaw,Member,Female,Fashion accessories,10,02/08/2019
457-13-1708,Mandalay,Member,Male,Fashion accessories,10,01/08/2019
489-64-4354,Naypyitaw,Normal,Male,Fashion accessories,1,03/09/2019
191-29-0321,Mandalay,Member,Female,Fashion accessories,10,2/27/2019
269-10-8440,Yangon,Member,Male,Health and beauty,7,1/21/2019
142-63-6033,Mandalay,Normal,Male,Home and lifestyle,5,3/20/2019
152-08-9985,Mandalay,Member,Male,Health and beauty,9,03/12/2019
325-77-6186,Yangon,Member,Female,Home and lifestyle,10,03/08/2019
269-04-5750,Mandalay,Member,Male,Fashion accessories,4,2/21/2019
574-57-9721,Naypyitaw,Normal,Male,Food and beverages,2,03/08/2019
459-50-7686,Yangon,Normal,Female,Electronic accessories,6,1/13/2019
359-90-3665,Mandalay,Member,Female,Fashion accessories,4,1/14/2019
466-61-5506,Mandalay,Member,Female,Electronic accessories,6,2/26/2019
751-69-0068,Naypyitaw,Normal,Male,Sports and travel,9,3/19/2019
257-73-1380,Naypyitaw,Member,Male,Sports and travel,4,1/20/2019
345-08-4992,Yangon,Normal,Male,Home and lifestyle,6,03/08/2019
549-96-4200,Naypyitaw,Member,Male,Food and beverages,4,03/08/2019
810-60-6344,Naypyitaw,Normal,Female,Electronic accessories,8,02/07/2019
450-28-2866,Naypyitaw,Member,Male,Food and beverages,5,1/15/2019
241-11-2261,Mandalay,Normal,Female,Fashion accessories,7,01/10/2019
138-17-5109,Yangon,Member,Female,Home and lifestyle,9,1/15/2019
192-98-7397,Naypyitaw,Normal,Male,Fashion accessories,1,01/08/2019
301-11-9629,Yangon,Normal,Female,Sports and travel,7,1/15/2019
364-33-8584,Mandalay,Member,Female,Food and beverages,5,03/08/2019
235-46-8343,Naypyitaw,Member,Male,Food and beverages,10,2/14/2019
453-12-7053,Naypyitaw,Normal,Male,Fashion accessories,3,03/10/2019
355-34-6244,Mandalay,Normal,Male,Food and beverages,2,1/13/2019
866-05-7563,Mandalay,Member,Female,Electronic accessories,3,02/09/2019
848-07-1692,Mandalay,Normal,Female,Health and beauty,2,01/12/2019
836-82-5858,Mandalay,Member,Male,Health and beauty,9,1/26/2019
727-17-0390,Yangon,Normal,Female,Food and beverages,5,3/16/2019
568-88-3448,Yangon,Normal,Male,Health and beauty,1,03/03/2019
187-83-5490,Yangon,Member,Male,Electronic accessories,4,1/31/2019
875-46-5808,Mandalay,Member,Male,Health and beauty,10,02/06/2019
396-90-2219,Mandalay,Normal,Female,Electronic accessories,8,2/23/2019
283-79-9594,Mandalay,Normal,Female,Food and beverages,7,1/25/2019
325-90-8763,Naypyitaw,Member,Female,Electronic accessories,10,1/27/2019
729-46-7422,Naypyitaw,Normal,Male,Food and beverages,1,2/23/2019
639-76-1242,Naypyitaw,Normal,Male,Food and beverages,5,02/03/2019
339-12-4827,Mandalay,Member,Female,Fashion accessories,1,01/05/2019
326-71-2155,Naypyitaw,Normal,Female,Sports and travel,4,02/03/2019
320-32-8842,Naypyitaw,Member,Female,Food and beverages,1,3/17/2019
470-32-9057,Yangon,Member,Male,Food and beverages,5,3/28/2019
878-30-2331,Naypyitaw,Member,Female,Sports and travel,10,03/02/2019
440-59-5691,Naypyitaw,Member,Female,Health and beauty,7,02/08/2019
518-71-6847,Mandalay,Member,Male,Food and beverages,6,2/26/2019
746-19-0921,Naypyitaw,Normal,Male,Food and beverages,1,02/09/2019
233-34-0817,Naypyitaw,Member,Female,Electronic accessories,1,2/15/2019
767-05-1286,Naypyitaw,Member,Female,Home and lifestyle,6,1/23/2019
340-21-9136,Yangon,Member,Female,Sports and travel,4,1/25/2019
405-31-3305,Yangon,Member,Male,Fashion accessories,10,02/02/2019
641-62-7288,Mandalay,Normal,Male,Home and lifestyle,6,3/24/2019
676-39-6028,Yangon,Member,Female,Electronic accessories,5,3/30/2019
502-05-1910,Yangon,Normal,Male,Health and beauty,3,2/25/2019
485-30-8700,Yangon,Normal,Female,Sports and travel,5,3/18/2019
598-47-9715,Naypyitaw,Normal,Male,Electronic accessories,4,03/07/2019
529-56-3974,Mandalay,Member,Male,Electronic accessories,4,03/09/2019
575-67-1508,Yangon,Normal,Male,Electronic accessories,1,1/29/2019
541-08-3113,Naypyitaw,Normal,Male,Food and beverages,8,02/02/2019
246-11-3901,Naypyitaw,Normal,Female,Electronic accessories,10,2/15/2019
674-15-9296,Yangon,Normal,Male,Sports and travel,5,01/08/2019
747-58-7183,Mandalay,Normal,Male,Fashion accessories,3,02/09/2019
493-65-6248,Naypyitaw,Member,Female,Sports and travel,10,01/01/2019
182-88-2763,Mandalay,Member,Male,Food and beverages,3,3/20/2019
375-72-3056,Mandalay,Normal,Male,Sports and travel,3,1/19/2019
795-49-7276,Yangon,Normal,Male,Fashion accessories,4,3/23/2019
556-72-8512,Naypyitaw,Normal,Male,Home and lifestyle,1,1/30/2019
831-64-0259,Mandalay,Normal,Female,Fashion accessories,5,2/22/2019
590-83-4591,Mandalay,Member,Male,Electronic accessories,6,2/17/2019
510-09-5628,Yangon,Member,Female,Fashion accessories,10,3/15/2019
730-61-8757,Mandalay,Member,Male,Health and beauty,4,1/25/2019
148-82-2527,Naypyitaw,Member,Female,Home and lifestyle,10,03/05/2019
552-44-5977,Mandalay,Member,Male,Health and beauty,8,01/03/2019
346-12-3257,Mandalay,Member,Male,Electronic accessories,9,03/04/2019
556-97-7101,Naypyitaw,Normal,Female,Electronic accessories,2,01/01/2019
862-59-8517,Naypyitaw,Normal,Female,Food and beverages,6,1/27/2019
376-02-8238,Mandalay,Normal,Male,Home and lifestyle,8,02/02/2019
420-18-8989,Yangon,Member,Female,Sports and travel,8,02/02/2019
514-37-2845,Mandalay,Normal,Male,Fashion accessories,2,3/20/2019
573-98-8548,Naypyitaw,Member,Female,Fashion accessories,1,01/05/2019
620-02-2046,Naypyitaw,Normal,Male,Home and lifestyle,2,1/27/2019
241-96-5076,Mandalay,Member,Female,Home and lifestyle,2,01/08/2019
135-13-8269,Mandalay,Member,Female,Food and beverages,2,1/26/2019
726-29-6793,Yangon,Member,Male,Electronic accessories,8,1/28/2019
284-34-9626,Mandalay,Normal,Female,Home and lifestyle,3,02/11/2019
636-17-0325,Mandalay,Normal,Male,Health and beauty,4,2/25/2019
261-12-8671,Mandalay,Normal,Female,Fashion accessories,2,1/25/2019
602-80-9671,Naypyitaw,Member,Female,Home and lifestyle,6,02/09/2019
598-06-7312,Mandalay,Member,Male,Fashion accessories,1,2/16/2019
209-61-0206,Yangon,Normal,Female,Home and lifestyle,5,01/05/2019
595-27-4851,Yangon,Normal,Female,Fashion accessories,7,1/27/2019
189-52-0236,Yangon,Normal,Male,Electronic accessories,7,3/14/2019
503-07-0930,Naypyitaw,Member,Male,Sports and travel,7,2/23/2019
413-20-6708,Naypyitaw,Member,Female,Fashion accessories,1,3/18/2019
559-61-5987,Mandalay,Normal,Female,Health and beauty,1,1/14/2019
521-18-7827,Naypyitaw,Member,Male,Home and lifestyle,5,1/22/2019
220-28-1851,Yangon,Normal,Male,Home and lifestyle,2,03/01/2019
600-38-9738,Naypyitaw,Member,Male,Sports and travel,5,1/17/2019
354-25-5821,Mandalay,Member,Female,Sports and travel,6,02/08/2019
451-28-5717,Naypyitaw,Member,Female,Home and lifestyle,6,3/20/2019
609-81-8548,Yangon,Member,Female,Home and lifestyle,6,02/06/2019
133-14-7229,Naypyitaw,Normal,Male,Health and beauty,2,01/01/2019
534-01-4457,Yangon,Normal,Male,Food and beverages,6,1/27/2019
719-89-8991,Yangon,Member,Female,Sports and travel,5,2/25/2019
390-80-5128,Mandalay,Member,Female,Health and beauty,1,1/28/2019
132-32-9879,Mandalay,Member,Female,Electronic accessories,4,03/09/2019
286-75-7818,Mandalay,Normal,Male,Fashion accessories,2,1/31/2019
827-77-7633,Yangon,Normal,Male,Sports and travel,9,2/17/2019
287-83-1405,Yangon,Normal,Male,Health and beauty,6,02/12/2019
435-13-4908,Yangon,Member,Male,Fashion accessories,8,1/24/2019
779-42-2410,Mandalay,Member,Male,Food and beverages,3,2/20/2019
236-27-1144,Naypyitaw,Normal,Female,Food and beverages,9,3/26/2019
892-05-6689,Yangon,Normal,Female,Home and lifestyle,5,03/11/2019
583-41-4548,Naypyitaw,Normal,Male,Home and lifestyle,7,02/07/2019
238-45-6950,Mandalay,Member,Male,Food and beverages,1,03/01/2019
643-38-7867,Yangon,Normal,Male,Home and lifestyle,1,03/07/2019
308-81-0538,Yangon,Normal,Female,Fashion accessories,4,2/25/2019
358-88-9262,Naypyitaw,Member,Female,Food and beverages,6,02/01/2019
460-35-4390,Yangon,Normal,Male,Home and lifestyle,3,1/22/2019
343-87-0864,Naypyitaw,Member,Male,Health and beauty,1,01/03/2019
449-27-2918,Mandalay,Member,Female,Sports and travel,1,3/26/2019
243-47-2663,Naypyitaw,Member,Male,Electronic accessories,6,1/28/2019
499-27-7781,Mandalay,Normal,Female,Food and beverages,8,3/14/2019
761-49-0439,Mandalay,Member,Female,Electronic accessories,8,1/19/2019
647-50-1224,Yangon,Normal,Female,Fashion accessories,10,01/12/2019
541-48-8554,Yangon,Normal,Male,Sports and travel,9,01/07/2019
741-73-3559,Mandalay,Normal,Male,Sports and travel,5,2/27/2019
213-32-1216,Yangon,Normal,Female,Electronic accessories,6,1/23/2019
198-66-9832,Mandalay,Member,Female,Fashion accessories,2,02/04/2019
868-52-7573,Mandalay,Normal,Female,Food and beverages,5,1/14/2019
343-61-3544,Mandalay,Member,Male,Sports and travel,10,1/29/2019
399-69-4630,Naypyitaw,Normal,Male,Electronic accessories,6,03/07/2019
134-75-2619,Yangon,Member,Male,Electronic accessories,7,3/25/2019
602-16-6955,Mandalay,Normal,Female,Sports and travel,10,1/24/2019
173-50-1108,Mandalay,Member,Female,Sports and travel,4,2/13/2019
283-26-5248,Naypyitaw,Member,Female,Food and beverages,10,1/30/2019
712-39-0363,Yangon,Member,Male,Food and beverages,6,01/02/2019
218-59-9410,Yangon,Member,Female,Home and lifestyle,3,3/29/2019
268-27-6179,Mandalay,Member,Female,Fashion accessories,8,03/09/2019
866-99-7614,Naypyitaw,Normal,Male,Food and beverages,10,02/11/2019
190-59-3964,Mandalay,Member,Male,Food and beverages,5,02/03/2019
760-90-2357,Yangon,Member,Male,Electronic accessories,6,3/20/2019
226-34-0034,Mandalay,Normal,Female,Electronic accessories,4,01/10/2019
698-98-5964,Yangon,Normal,Female,Food and beverages,10,1/17/2019
718-57-9773,Naypyitaw,Normal,Female,Sports and travel,10,02/03/2019
651-88-7328,Yangon,Normal,Female,Fashion accessories,9,01/01/2019
608-05-3804,Mandalay,Member,Male,Electronic accessories,1,2/25/2019
408-26-9866,Naypyitaw,Normal,Female,Sports and travel,7,03/02/2019
276-54-0879,Mandalay,Normal,Male,Sports and travel,4,03/12/2019
430-02-3888,Mandalay,Normal,Male,Electronic accessories,6,02/07/2019
239-48-4278,Yangon,Member,Male,Food and beverages,7,03/10/2019
374-38-5555,Mandalay,Normal,Female,Fashion accessories,5,02/07/2019
550-84-8664,Yangon,Normal,Male,Sports and travel,5,3/22/2019
632-32-4574,Mandalay,Normal,Male,Sports and travel,8,3/20/2019
191-10-6171,Mandalay,Normal,Female,Fashion accessories,7,1/25/2019
592-34-6155,Naypyitaw,Normal,Male,Food and beverages,4,1/14/2019
797-88-0493,Yangon,Normal,Female,Health and beauty,4,3/26/2019
182-69-8360,Mandalay,Normal,Female,Electronic accessories,4,1/30/2019
390-31-6381,Naypyitaw,Normal,Male,Food and beverages,3,01/07/2019
443-82-0585,Yangon,Member,Female,Health and beauty,4,02/01/2019
339-18-7061,Naypyitaw,Member,Female,Fashion accessories,2,2/13/2019
458-61-0011,Mandalay,Normal,Male,Food and beverages,4,2/20/2019
154-74-7179,Mandalay,Normal,Male,Sports and travel,1,2/26/2019
127-47-6963,Yangon,Normal,Male,Health and beauty,4,03/09/2019
278-86-2735,Yangon,Normal,Female,Food and beverages,3,3/27/2019
695-28-6250,Yangon,Normal,Female,Sports and travel,5,02/04/2019
379-17-6588,Naypyitaw,Normal,Male,Fashion accessories,10,3/14/2019
227-50-3718,Yangon,Normal,Male,Health and beauty,5,03/04/2019
302-15-2162,Naypyitaw,Member,Male,Health and beauty,6,03/03/2019
788-07-8452,Naypyitaw,Member,Female,Home and lifestyle,7,1/27/2019
560-49-6611,Yangon,Member,Female,Sports and travel,1,02/07/2019
880-35-0356,Yangon,Member,Female,Sports and travel,3,02/05/2019
711-31-1234,Mandalay,Normal,Female,Electronic accessories,4,3/16/2019
149-71-6266,Mandalay,Member,Male,Sports and travel,9,1/28/2019
152-68-2907,Yangon,Normal,Male,Food and beverages,3,2/15/2019
123-35-4896,Naypyitaw,Normal,Female,Sports and travel,9,2/17/2019
258-69-7810,Naypyitaw,Normal,Female,Fashion accessories,5,1/26/2019
334-64-2006,Yangon,Member,Female,Home and lifestyle,2,3/24/2019
219-61-4139,Naypyitaw,Normal,Male,Electronic accessories,1,1/23/2019
881-41-7302,Naypyitaw,Normal,Female,Fashion accessories,1,1/26/2019
373-09-4567,Naypyitaw,Normal,Male,Food and beverages,10,3/14/2019
608-27-6295,Mandalay,Member,Male,Electronic accessories,6,1/19/2019
484-22-8230,Naypyitaw,Member,Female,Fashion accessories,7,01/08/2019
573-10-3877,Mandalay,Member,Male,Health and beauty,1,03/12/2019
559-98-9873,Yangon,Member,Female,Fashion accessories,7,02/10/2019
544-32-5024,Naypyitaw,Member,Female,Food and beverages,4,3/28/2019
318-12-0304,Yangon,Normal,Male,Fashion accessories,1,1/23/2019
582-52-8065,Mandalay,Normal,Female,Fashion accessories,9,2/22/2019
421-95-9805,Yangon,Normal,Female,Electronic accessories,1,02/07/2019
277-35-5865,Naypyitaw,Member,Female,Food and beverages,9,03/09/2019
369-82-2676,Mandalay,Normal,Male,Electronic accessories,5,1/15/2019
284-54-4231,Naypyitaw,Member,Male,Sports and travel,1,1/19/2019
443-59-0061,Yangon,Member,Male,Food and beverages,10,02/03/2019
509-29-3912,Yangon,Member,Female,Sports and travel,9,3/20/2019
505-02-0892,Mandalay,Member,Male,Health and beauty,8,2/25/2019
840-19-2096,Naypyitaw,Member,Male,Electronic accessories,5,3/14/2019
828-46-6863,Yangon,Member,Male,Food and beverages,6,1/23/2019
641-96-3695,Naypyitaw,Member,Female,Fashion accessories,6,02/07/2019
420-97-3340,Yangon,Normal,Female,Food and beverages,3,3/28/2019
436-54-4512,Yangon,Member,Female,Food and beverages,1,3/20/2019
571-94-0759,Mandalay,Member,Female,Food and beverages,10,01/08/2019
431-66-2305,Mandalay,Normal,Female,Electronic accessories,9,2/15/2019
794-32-2436,Mandalay,Member,Male,Electronic accessories,2,3/27/2019
452-04-8808,Mandalay,Normal,Male,Electronic accessories,7,1/26/2019
816-57-2053,Yangon,Normal,Male,Sports and travel,2,03/09/2019
457-94-0464,Mandalay,Member,Male,Electronic accessories,9,1/31/2019
856-66-2701,Yangon,Member,Male,Home and lifestyle,3,1/25/2019
308-39-1707,Yangon,Normal,Female,Fashion accessories,1,1/26/2019
149-61-1929,Yangon,Normal,Male,Sports and travel,10,1/19/2019
655-07-2265,Yangon,Normal,Male,Electronic accessories,3,03/05/2019
589-02-8023,Yangon,Member,Male,Food and beverages,2,1/15/2019
834-83-1826,Mandalay,Member,Female,Home and lifestyle,5,2/25/2019
679-22-6530,Mandalay,Normal,Female,Sports and travel,2,1/17/2019
641-43-2399,Mandalay,Normal,Male,Home and lifestyle,4,1/26/2019
610-46-4100,Yangon,Normal,Male,Health and beauty,7,03/03/2019
318-81-2368,Naypyitaw,Normal,Female,Electronic accessories,1,3/19/2019
560-30-5617,Mandalay,Normal,Female,Sports and travel,5,3/24/2019
149-15-7606,Mandalay,Member,Male,Sports and travel,9,03/06/2019
453-63-6187,Mandalay,Normal,Male,Electronic accessories,3,03/01/2019
155-45-3814,Naypyitaw,Member,Female,Electronic accessories,8,3/19/2019
351-62-0822,Mandalay,Member,Female,Fashion accessories,4,02/06/2019
131-15-8856,Naypyitaw,Member,Female,Food and beverages,8,3/30/2019
273-84-2164,Naypyitaw,Member,Male,Electronic accessories,5,2/16/2019
706-36-6154,Yangon,Member,Male,Home and lifestyle,9,1/18/2019
778-89-7974,Naypyitaw,Normal,Male,Health and beauty,6,3/30/2019
313-66-9943,Mandalay,Member,Female,Food and beverages,3,3/27/2019
859-71-0933,Naypyitaw,Member,Female,Sports and travel,2,1/16/2019
740-11-5257,Naypyitaw,Normal,Male,Electronic accessories,10,2/24/2019
545-46-3100,Mandalay,Member,Female,Electronic accessories,3,03/12/2019
510-79-0415,Mandalay,Member,Female,Sports and travel,6,1/24/2019
742-04-5161,Yangon,Member,Male,Home and lifestyle,10,02/03/2019
695-09-5146,Mandalay,Member,Female,Food and beverages,3,2/23/2019
318-68-5053,Mandalay,Normal,Female,Health and beauty,6,2/27/2019
169-52-4504,Yangon,Normal,Female,Electronic accessories,3,3/14/2019
250-81-7186,Naypyitaw,Normal,Female,Electronic accessories,1,2/27/2019
562-12-5430,Yangon,Member,Female,Fashion accessories,3,1/18/2019
816-72-8853,Yangon,Member,Female,Sports and travel,5,1/29/2019
491-38-3499,Yangon,Member,Male,Fashion accessories,1,2/26/2019
321-49-7382,Mandalay,Member,Male,Sports and travel,1,2/15/2019
842-29-4695,Naypyitaw,Member,Male,Sports and travel,7,1/16/2019
751-15-6198,Mandalay,Normal,Male,Sports and travel,6,01/12/2019
641-51-2661,Naypyitaw,Member,Female,Food and beverages,10,02/12/2019
714-02-3114,Naypyitaw,Normal,Female,Sports and travel,2,2/21/2019
518-17-2983,Yangon,Normal,Female,Fashion accessories,4,02/04/2019
279-74-2924,Mandalay,Member,Male,Electronic accessories,1,01/04/2019
242-11-3142,Mandalay,Member,Male,Fashion accessories,2,2/24/2019
408-66-6712,Naypyitaw,Member,Female,Health and beauty,6,2/16/2019
777-67-2495,Mandalay,Normal,Male,Home and lifestyle,3,2/22/2019
588-47-8641,Yangon,Member,Male,Fashion accessories,10,1/14/2019
414-12-7047,Mandalay,Normal,Male,Food and beverages,8,1/18/2019
690-01-6631,Mandalay,Normal,Male,Fashion accessories,10,2/22/2019
556-41-6224,Naypyitaw,Normal,Male,Health and beauty,8,2/15/2019
811-03-8790,Yangon,Normal,Female,Electronic accessories,10,03/01/2019
509-10-0516,Mandalay,Normal,Male,Home and lifestyle,4,02/09/2019
542-41-0513,Mandalay,Member,Female,Electronic accessories,4,3/15/2019
274-05-5470,Yangon,Member,Female,Food and beverages,4,2/23/2019
648-94-3045,Naypyitaw,Normal,Male,Health and beauty,10,02/07/2019
130-67-4723,Yangon,Member,Male,Food and beverages,6,01/11/2019
241-72-9525,Mandalay,Normal,Male,Sports and travel,10,2/16/2019
692-92-5582,Mandalay,Member,Female,Food and beverages,3,2/20/2019
370-96-0655,Naypyitaw,Normal,Female,Fashion accessories,6,01/09/2019
105-10-6182,Yangon,Member,Male,Fashion accessories,2,2/27/2019
790-29-1172,Mandalay,Normal,Female,Food and beverages,3,03/10/2019
770-42-8960,Mandalay,Normal,Male,Food and beverages,8,01/01/2019
868-81-1752,Mandalay,Normal,Male,Home and lifestyle,9,02/07/2019
648-83-1321,Yangon,Member,Male,Home and lifestyle,10,1/16/2019
173-57-2300,Naypyitaw,Member,Male,Sports and travel,2,3/13/2019
305-03-2383,Yangon,Normal,Female,Food and beverages,3,2/15/2019
394-55-6384,Naypyitaw,Member,Female,Sports and travel,9,1/25/2019
266-20-6657,Naypyitaw,Member,Male,Food and beverages,7,03/12/2019
689-05-1884,Yangon,Member,Male,Health and beauty,10,03/04/2019
196-01-2849,Naypyitaw,Member,Female,Fashion accessories,7,02/10/2019
372-62-5264,Naypyitaw,Normal,Female,Food and beverages,9,1/16/2019
800-09-8606,Yangon,Member,Female,Home and lifestyle,5,1/29/2019
182-52-7000,Yangon,Member,Female,Sports and travel,4,01/01/2019
477-24-6490,Mandalay,Normal,Female,Health and beauty,6,2/26/2019
868-06-0466,Yangon,Member,Male,Electronic accessories,9,2/19/2019
751-41-9720,Naypyitaw,Normal,Male,Home and lifestyle,10,01/12/2019
626-43-7888,Naypyitaw,Normal,Female,Fashion accessories,8,02/07/2019
134-54-4720,Mandalay,Normal,Female,Electronic accessories,8,1/30/2019
574-80-1489,Mandalay,Member,Female,Food and beverages,4,2/25/2019
139-20-0155,Mandalay,Member,Male,Electronic accessories,10,1/24/2019
186-79-9562,Mandalay,Normal,Male,Health and beauty,7,3/29/2019
433-75-6987,Mandalay,Member,Female,Health and beauty,7,03/05/2019
817-69-8206,Mandalay,Normal,Female,Electronic accessories,9,03/02/2019
162-65-8559,Naypyitaw,Member,Male,Food and beverages,1,1/21/2019
760-27-5490,Naypyitaw,Normal,Male,Fashion accessories,8,1/20/2019
445-30-9252,Yangon,Normal,Male,Sports and travel,3,1/17/2019
786-94-2700,Yangon,Member,Male,Food and beverages,6,2/28/2019
728-88-7867,Naypyitaw,Member,Female,Home and lifestyle,4,3/19/2019
183-21-3799,Naypyitaw,Normal,Female,Electronic accessories,9,2/19/2019
268-20-3585,Naypyitaw,Normal,Female,Health and beauty,9,02/04/2019
735-32-9839,Naypyitaw,Member,Male,Fashion accessories,8,1/31/2019
258-92-7466,Yangon,Normal,Female,Health and beauty,5,02/06/2019
857-16-3520,Yangon,Member,Female,Fashion accessories,7,3/28/2019
482-17-1179,Yangon,Member,Male,Electronic accessories,3,1/19/2019
788-21-5741,Yangon,Normal,Male,Fashion accessories,3,2/17/2019
244-08-0162,Mandalay,Normal,Female,Health and beauty,10,01/02/2019
479-26-8945,Mandalay,Member,Female,Sports and travel,2,02/05/2019
678-79-0726,Naypyitaw,Member,Female,Sports and travel,9,1/18/2019
370-41-7321,Mandalay,Member,Male,Health and beauty,9,2/27/2019
592-46-1692,Naypyitaw,Member,Female,Food and beverages,7,01/11/2019
895-03-6665,Mandalay,Normal,Female,Fashion accessories,9,2/16/2019
149-14-0304,Naypyitaw,Member,Female,Health and beauty,8,02/06/2019
442-44-6497,Naypyitaw,Member,Male,Home and lifestyle,3,01/08/2019
109-28-2512,Mandalay,Member,Female,Fashion accessories,6,01/07/2019
210-74-9613,Naypyitaw,Normal,Male,Fashion accessories,4,3/16/2019
174-75-0888,Mandalay,Normal,Male,Electronic accessories,9,3/14/2019
247-11-2470,Yangon,Member,Female,Fashion accessories,4,03/01/2019
635-28-5728,Yangon,Normal,Male,Health and beauty,3,2/28/2019
756-49-0168,Yangon,Member,Male,Fashion accessories,1,02/08/2019
311-13-6971,Mandalay,Member,Male,Sports and travel,10,2/20/2019
837-55-7229,Mandalay,Normal,Female,Fashion accessories,1,2/22/2019
607-65-2441,Naypyitaw,Member,Male,Health and beauty,10,03/10/2019
386-27-7606,Naypyitaw,Member,Female,Home and lifestyle,7,3/23/2019
137-63-5492,Naypyitaw,Normal,Male,Electronic accessories,10,1/29/2019
346-84-3103,Mandalay,Member,Female,Electronic accessories,5,03/02/2019
805-86-0265,Yangon,Normal,Male,Home and lifestyle,9,3/20/2019
733-29-1227,Naypyitaw,Normal,Male,Home and lifestyle,7,3/23/2019
451-73-2711,Naypyitaw,Normal,Male,Food and beverages,1,1/14/2019
373-14-0504,Yangon,Member,Female,Sports and travel,2,02/12/2019
546-80-2899,Yangon,Member,Male,Home and lifestyle,2,2/20/2019
345-68-9016,Naypyitaw,Member,Female,Sports and travel,8,01/02/2019
390-17-5806,Naypyitaw,Member,Female,Food and beverages,1,02/02/2019
734-91-1155,Mandalay,Normal,Female,Electronic accessories,3,3/26/2019
664-14-2882,Naypyitaw,Member,Female,Home and lifestyle,5,1/30/2019
291-21-5991,Mandalay,Member,Male,Health and beauty,5,3/29/2019
314-23-4520,Naypyitaw,Member,Male,Health and beauty,7,1/15/2019
843-01-4703,Mandalay,Member,Female,Home and lifestyle,9,01/05/2019
585-86-8361,Yangon,Normal,Female,Food and beverages,5,02/03/2019
807-14-7833,Yangon,Member,Female,Electronic accessories,10,2/22/2019
608-04-3797,Mandalay,Member,Female,Health and beauty,8,03/05/2019
288-38-3758,Naypyitaw,Member,Female,Fashion accessories,3,1/25/2019
652-43-6591,Yangon,Normal,Female,Fashion accessories,8,03/09/2019
656-16-1063,Mandalay,Normal,Male,Sports and travel,3,01/04/2019
406-46-7107,Yangon,Normal,Female,Home and lifestyle,6,01/11/2019
250-17-5703,Yangon,Member,Male,Food and beverages,10,2/27/2019
156-95-3964,Yangon,Normal,Female,Food and beverages,4,3/25/2019
578-80-7669,Mandalay,Normal,Male,Sports and travel,1,3/16/2019
733-01-9107,Mandalay,Normal,Male,Home and lifestyle,6,03/05/2019
410-67-1709,Yangon,Member,Female,Fashion accessories,8,1/20/2019
587-73-4862,Yangon,Member,Female,Health and beauty,5,3/26/2019
787-87-2010,Yangon,Member,Male,Health and beauty,4,1/20/2019
585-11-6748,Mandalay,Member,Male,Sports and travel,3,3/15/2019
801-88-0346,Naypyitaw,Normal,Female,Fashion accessories,3,01/05/2019
190-14-3147,Mandalay,Normal,Female,Health and beauty,4,2/23/2019
394-30-3170,Mandalay,Member,Female,Sports and travel,8,3/22/2019
886-54-6089,Yangon,Normal,Female,Home and lifestyle,6,1/15/2019
585-03-5943,Mandalay,Normal,Male,Health and beauty,10,3/13/2019
759-98-4285,Naypyitaw,Member,Female,Health and beauty,7,2/27/2019
201-63-8275,Naypyitaw,Member,Female,Sports and travel,7,2/17/2019
471-06-8611,Naypyitaw,Normal,Female,Food and beverages,1,02/06/2019
200-16-5952,Naypyitaw,Member,Male,Food and beverages,2,1/17/2019
378-07-7001,Mandalay,Member,Male,Electronic accessories,3,02/10/2019
102-77-2261,Naypyitaw,Member,Male,Health and beauty,7,03/05/2019
316-55-4634,Mandalay,Member,Male,Food and beverages,5,1/26/2019
102-06-2002,Naypyitaw,Member,Male,Sports and travel,5,3/20/2019
207-73-1363,Mandalay,Normal,Male,Health and beauty,2,03/01/2019
629-42-4133,Naypyitaw,Normal,Male,Health and beauty,8,2/19/2019
534-53-3526,Yangon,Normal,Female,Sports and travel,4,02/11/2019
307-04-2070,Yangon,Member,Female,Fashion accessories,1,02/05/2019
468-99-7231,Naypyitaw,Normal,Female,Home and lifestyle,8,03/03/2019
516-77-6464,Naypyitaw,Member,Female,Health and beauty,5,2/24/2019
404-91-5964,Yangon,Normal,Male,Electronic accessories,7,02/04/2019
886-77-9084,Naypyitaw,Normal,Male,Electronic accessories,8,2/19/2019
790-38-4466,Naypyitaw,Normal,Female,Health and beauty,5,1/23/2019
704-10-4056,Naypyitaw,Member,Male,Health and beauty,3,1/14/2019
497-37-6538,Yangon,Normal,Male,Sports and travel,7,1/17/2019
651-96-5970,Yangon,Normal,Male,Fashion accessories,1,03/03/2019
400-80-4065,Naypyitaw,Member,Male,Health and beauty,4,2/15/2019
528-87-5606,Mandalay,Member,Female,Electronic accessories,1,02/12/2019
263-12-5321,Yangon,Member,Male,Electronic accessories,7,2/27/2019
702-72-0487,Yangon,Normal,Female,Electronic accessories,2,2/26/2019
744-16-7898,Mandalay,Normal,Female,Home and lifestyle,10,1/15/2019
443-60-9639,Naypyitaw,Member,Female,Home and lifestyle,1,1/24/2019
864-24-7918,Yangon,Member,Female,Sports and travel,10,2/22/2019
842-40-8179,Mandalay,Member,Female,Food and beverages,10,02/11/2019
401-09-4232,Naypyitaw,Member,Male,Home and lifestyle,5,02/11/2019
227-78-1148,Mandalay,Normal,Female,Fashion accessories,7,2/15/2019
324-41-6833,Naypyitaw,Member,Female,Electronic accessories,8,03/03/2019
474-33-8305,Naypyitaw,Member,Male,Fashion accessories,7,3/23/2019
759-29-9521,Yangon,Member,Female,Fashion accessories,9,03/04/2019
359-94-5395,Mandalay,Normal,Male,Health and beauty,1,3/15/2019
220-68-6701,Yangon,Normal,Female,Home and lifestyle,4,3/17/2019
618-34-8551,Yangon,Normal,Female,Sports and travel,2,1/16/2019
257-60-7754,Yangon,Normal,Female,Electronic accessories,4,01/08/2019
642-30-6693,Mandalay,Normal,Female,Sports and travel,6,3/17/2019
189-55-2313,Naypyitaw,Normal,Female,Fashion accessories,10,1/31/2019
889-04-9723,Mandalay,Member,Female,Food and beverages,4,01/07/2019
380-60-5336,Yangon,Normal,Female,Electronic accessories,10,2/24/2019
815-04-6282,Naypyitaw,Member,Female,Sports and travel,5,02/08/2019
674-56-6360,Yangon,Normal,Male,Electronic accessories,1,3/22/2019
778-34-2523,Yangon,Member,Female,Electronic accessories,8,1/24/2019
487-79-6868,Mandalay,Member,Female,Home and lifestyle,9,3/26/2019
477-59-2456,Naypyitaw,Normal,Female,Fashion accessories,7,1/23/2019
832-51-6761,Yangon,Normal,Male,Food and beverages,8,1/19/2019
548-46-9322,Mandalay,Normal,Male,Food and beverages,10,2/20/2019
210-57-1719,Mandalay,Normal,Female,Health and beauty,9,02/05/2019
727-46-3608,Mandalay,Member,Female,Food and beverages,9,02/06/2019
186-43-8965,Yangon,Member,Female,Home and lifestyle,2,2/24/2019
784-21-9238,Naypyitaw,Member,Male,Sports and travel,1,02/07/2019
276-75-6884,Yangon,Normal,Female,Health and beauty,3,03/04/2019
110-48-7033,Mandalay,Member,Male,Fashion accessories,4,1/29/2019
569-76-2760,Yangon,Member,Female,Sports and travel,4,1/29/2019
307-85-2293,Mandalay,Normal,Male,Home and lifestyle,5,03/07/2019
760-53-9233,Yangon,Member,Male,Fashion accessories,3,3/26/2019
538-22-0304,Naypyitaw,Normal,Male,Electronic accessories,10,3/24/2019
416-17-9926,Yangon,Member,Female,Electronic accessories,10,01/01/2019
237-44-6163,Yangon,Normal,Male,Electronic accessories,8,1/24/2019
437-58-8131,Mandalay,Normal,Female,Fashion accessories,2,1/15/2019
490-95-0021,Mandalay,Member,Female,Food and beverages,10,01/08/2019
528-14-9470,Yangon,Member,Male,Health and beauty,1,2/14/2019
701-69-8742,Mandalay,Normal,Male,Sports and travel,10,3/16/2019
807-34-3742,Yangon,Normal,Male,Fashion accessories,1,3/26/2019
288-62-1085,Yangon,Member,Male,Fashion accessories,5,01/09/2019
891-01-7034,Mandalay,Normal,Female,Electronic accessories,6,01/01/2019
660-29-7083,Naypyitaw,Normal,Male,Electronic accessories,10,1/15/2019
271-77-8740,Naypyitaw,Member,Female,Sports and travel,6,01/01/2019
497-36-0989,Yangon,Normal,Male,Fashion accessories,3,2/15/2019
468-01-2051,Mandalay,Normal,Male,Food and beverages,7,03/06/2019
860-73-6466,Yangon,Member,Female,Sports and travel,2,03/02/2019
549-23-9016,Naypyitaw,Member,Female,Food and beverages,2,2/13/2019
896-34-0956,Yangon,Normal,Male,Fashion accessories,1,1/26/2019
804-38-3935,Yangon,Member,Male,Electronic accessories,3,1/30/2019
585-90-0249,Yangon,Member,Male,Electronic accessories,1,1/27/2019
862-29-5914,Naypyitaw,Normal,Female,Sports and travel,1,1/30/2019
845-94-6841,Naypyitaw,Member,Female,Food and beverages,9,01/08/2019
125-45-2293,Yangon,Normal,Female,Fashion accessories,6,1/19/2019
843-73-4724,Yangon,Normal,Male,Fashion accessories,1,1/25/2019
409-33-9708,Yangon,Normal,Female,Fashion accessories,2,2/19/2019
658-66-3967,Naypyitaw,Normal,Male,Health and beauty,7,1/14/2019
866-70-2814,Mandalay,Normal,Female,Electronic accessories,10,2/25/2019
160-22-2687,Yangon,Member,Female,Health and beauty,5,1/23/2019
857-67-9057,Mandalay,Normal,Male,Electronic accessories,10,02/06/2019
533-33-5337,Mandalay,Normal,Male,Electronic accessories,10,02/07/2019
748-45-2862,Yangon,Member,Female,Home and lifestyle,4,03/07/2019
709-58-4068,Mandalay,Normal,Female,Fashion accessories,10,2/28/2019
316-66-3011,Yangon,Member,Female,Food and beverages,9,1/23/2019
848-95-6252,Naypyitaw,Member,Female,Home and lifestyle,1,2/20/2019
840-76-5966,Yangon,Member,Male,Sports and travel,2,01/08/2019
303-96-2227,Mandalay,Normal,Female,Home and lifestyle,10,03/02/2019
775-72-1988,Mandalay,Normal,Male,Home and lifestyle,5,1/24/2019
124-31-1458,Yangon,Member,Female,Electronic accessories,3,01/08/2019
176-78-1170,Naypyitaw,Member,Male,Health and beauty,3,1/26/2019
710-46-4433,Mandalay,Member,Female,Food and beverages,9,2/15/2019
101-81-4070,Naypyitaw,Member,Female,Health and beauty,2,1/17/2019
631-34-1880,Naypyitaw,Member,Male,Food and beverages,3,01/08/2019
852-82-2749,Yangon,Normal,Male,Sports and travel,4,01/06/2019
873-14-6353,Yangon,Member,Male,Food and beverages,7,2/16/2019
584-66-4073,Naypyitaw,Normal,Male,Fashion accessories,1,3/13/2019
701-23-5550,Mandalay,Member,Male,Home and lifestyle,4,3/19/2019
166-19-2553,Yangon,Member,Male,Sports and travel,6,1/18/2019
737-88-5876,Yangon,Member,Male,Home and lifestyle,4,3/19/2019
154-87-7367,Naypyitaw,Normal,Male,Home and lifestyle,8,3/15/2019
885-56-0389,Naypyitaw,Member,Male,Fashion accessories,1,02/12/2019
640-49-2076,Mandalay,Normal,Male,Sports and travel,8,01/10/2019
448-61-3783,Yangon,Normal,Female,Electronic accessories,8,3/21/2019
322-02-2271,Mandalay,Normal,Female,Sports and travel,3,02/03/2019
576-31-4774,Mandalay,Normal,Female,Health and beauty,3,03/02/2019
115-38-7388,Naypyitaw,Member,Female,Fashion accessories,8,3/30/2019
115-99-4379,Mandalay,Member,Female,Fashion accessories,7,3/14/2019
291-55-6563,Yangon,Member,Female,Home and lifestyle,6,3/30/2019
548-48-3156,Yangon,Member,Female,Food and beverages,2,3/19/2019
460-93-5834,Yangon,Normal,Male,Sports and travel,7,1/13/2019
325-89-4209,Yangon,Member,Male,Food and beverages,1,02/05/2019
884-80-6021,Yangon,Member,Female,Electronic accessories,10,3/23/2019
137-74-8729,Naypyitaw,Normal,Female,Fashion accessories,8,3/13/2019
880-46-5796,Yangon,Member,Male,Sports and travel,10,3/17/2019
389-70-2397,Naypyitaw,Normal,Female,Health and beauty,5,2/21/2019
343-75-9322,Mandalay,Member,Female,Sports and travel,8,01/09/2019
607-76-6216,Naypyitaw,Member,Female,Fashion accessories,5,03/02/2019
851-98-3555,Mandalay,Normal,Female,Health and beauty,5,3/24/2019
152-03-4217,Mandalay,Normal,Female,Home and lifestyle,9,3/17/2019
869-11-3082,Mandalay,Member,Male,Health and beauty,4,1/27/2019
781-84-8059,Naypyitaw,Normal,Male,Fashion accessories,7,1/18/2019
409-49-6995,Naypyitaw,Member,Female,Food and beverages,6,02/05/2019
725-54-0677,Naypyitaw,Member,Male,Health and beauty,7,03/02/2019
146-09-5432,Yangon,Member,Male,Food and beverages,9,02/09/2019
377-79-7592,Naypyitaw,Member,Female,Electronic accessories,9,1/14/2019
282-35-2475,Mandalay,Normal,Female,Sports and travel,2,3/25/2019
595-94-9924,Yangon,Member,Female,Health and beauty,5,3/26/2019
865-41-9075,Yangon,Normal,Male,Food and beverages,7,1/28/2019
545-07-8534,Naypyitaw,Normal,Female,Health and beauty,2,2/14/2019
118-62-1812,Naypyitaw,Member,Female,Home and lifestyle,4,3/24/2019
450-42-3339,Naypyitaw,Normal,Male,Health and beauty,10,02/09/2019
826-58-8051,Mandalay,Normal,Male,Home and lifestyle,4,01/06/2019
186-71-5196,Yangon,Member,Female,Food and beverages,2,3/27/2019
277-63-2961,Mandalay,Member,Male,Sports and travel,1,02/03/2019
766-85-7061,Mandalay,Normal,Male,Health and beauty,10,3/29/2019
151-27-8496,Naypyitaw,Normal,Female,Electronic accessories,4,1/19/2019
453-33-6436,Yangon,Normal,Female,Home and lifestyle,8,02/07/2019
522-57-8364,Yangon,Member,Male,Fashion accessories,8,1/31/2019
459-45-2396,Yangon,Member,Female,Food and beverages,3,2/25/2019
717-96-4189,Naypyitaw,Normal,Female,Electronic accessories,6,02/02/2019
722-13-2115,Naypyitaw,Member,Male,Sports and travel,1,3/14/2019
749-81-8133,Yangon,Normal,Female,Fashion accessories,4,03/11/2019
525-09-8450,Mandalay,Normal,Male,Electronic accessories,10,1/31/2019
299-29-0180,Mandalay,Member,Female,Home and lifestyle,7,03/09/2019
246-55-6923,Naypyitaw,Member,Female,Home and lifestyle,9,03/10/2019
320-85-2052,Mandalay,Normal,Female,Sports and travel,1,1/14/2019
838-02-1821,Naypyitaw,Member,Female,Home and lifestyle,2,2/22/2019
887-42-0517,Naypyitaw,Normal,Female,Sports and travel,7,01/10/2019
457-12-0244,Naypyitaw,Member,Female,Sports and travel,6,3/14/2019
569-71-4390,Mandalay,Normal,Male,Sports and travel,2,1/25/2019
172-42-8274,Mandalay,Normal,Female,Electronic accessories,2,03/02/2019
397-25-8725,Yangon,Member,Female,Health and beauty,9,1/13/2019
210-30-7976,Mandalay,Member,Female,Fashion accessories,4,3/14/2019
427-45-9297,Mandalay,Member,Female,Home and lifestyle,7,03/12/2019
847-38-7188,Mandalay,Normal,Female,Food and beverages,3,1/26/2019
756-93-1854,Naypyitaw,Member,Female,Fashion accessories,2,02/02/2019
243-55-8457,Yangon,Normal,Female,Food and beverages,10,2/27/2019
458-10-8612,Naypyitaw,Normal,Male,Health and beauty,7,1/20/2019
347-72-6115,Mandalay,Member,Female,Sports and travel,7,1/16/2019
235-06-8510,Naypyitaw,Member,Male,Home and lifestyle,3,1/24/2019
433-08-7822,Naypyitaw,Normal,Female,Health and beauty,7,01/05/2019
361-85-2571,Yangon,Normal,Female,Sports and travel,5,3/30/2019
131-70-8179,Yangon,Member,Female,Health and beauty,3,2/17/2019
500-02-2261,Naypyitaw,Normal,Female,Food and beverages,6,3/21/2019
720-72-2436,Yangon,Normal,Male,Food and beverages,4,03/02/2019
702-83-5291,Naypyitaw,Member,Male,Fashion accessories,9,3/27/2019
809-69-9497,Yangon,Normal,Female,Home and lifestyle,10,1/19/2019
449-16-6770,Yangon,Normal,Male,Health and beauty,5,2/19/2019
333-23-2632,Yangon,Member,Male,Health and beauty,7,3/28/2019
489-82-1237,Yangon,Normal,Female,Electronic accessories,7,01/05/2019
859-97-6048,Naypyitaw,Member,Male,Electronic accessories,2,3/26/2019
438-01-4015,Mandalay,Member,Female,Sports and travel,4,3/21/2019
373-88-1424,Naypyitaw,Member,Male,Home and lifestyle,5,02/06/2019
305-14-0245,Mandalay,Member,Female,Home and lifestyle,8,03/03/2019
239-36-3640,Mandalay,Normal,Male,Electronic accessories,6,1/31/2019
401-18-8016,Mandalay,Member,Female,Sports and travel,1,1/21/2019
686-41-0932,Mandalay,Normal,Female,Fashion accessories,2,3/13/2019
784-08-0310,Naypyitaw,Member,Female,Food and beverages,4,1/13/2019
624-01-8356,Mandalay,Normal,Female,Home and lifestyle,10,1/27/2019
846-10-0341,Yangon,Normal,Female,Fashion accessories,7,01/06/2019
577-34-7579,Naypyitaw,Member,Male,Food and beverages,9,01/10/2019
862-17-9201,Mandalay,Normal,Female,Food and beverages,6,1/29/2019
867-47-1948,Naypyitaw,Normal,Female,Home and lifestyle,10,01/09/2019
384-59-6655,Yangon,Member,Female,Food and beverages,9,2/19/2019
256-58-3609,Naypyitaw,Member,Male,Fashion accessories,1,3/18/2019
324-92-3863,Yangon,Member,Male,Electronic accessories,2,02/05/2019
593-08-5916,Yangon,Normal,Female,Fashion accessories,1,3/19/2019
364-34-2972,Naypyitaw,Member,Male,Electronic accessories,3,3/30/2019
752-23-3760,Mandalay,Member,Female,Sports and travel,7,2/19/2019
627-95-3243,Mandalay,Member,Female,Home and lifestyle,9,02/04/2019
558-60-5016,Yangon,Normal,Female,Home and lifestyle,9,03/04/2019
195-06-0432,Yangon,Member,Male,Home and lifestyle,3,1/13/2019
605-03-2706,Yangon,Normal,Female,Health and beauty,3,3/25/2019
387-49-4215,Mandalay,Member,Female,Sports and travel,3,01/08/2019
145-94-9061,Mandalay,Normal,Female,Food and beverages,5,1/25/2019
549-03-9315,Mandalay,Normal,Male,Fashion accessories,8,02/12/2019
777-82-7220,Mandalay,Member,Male,Home and lifestyle,8,03/03/2019
531-56-4728,Yangon,Normal,Male,Home and lifestyle,3,02/11/2019
744-82-9138,Naypyitaw,Normal,Male,Fashion accessories,2,02/07/2019
438-23-1242,Mandalay,Normal,Male,Electronic accessories,7,1/24/2019
221-25-5073,Yangon,Normal,Female,Food and beverages,4,03/04/2019
830-58-2383,Mandalay,Normal,Male,Home and lifestyle,4,02/08/2019
327-40-9673,Mandalay,Member,Male,Sports and travel,6,1/13/2019
268-03-6164,Mandalay,Normal,Male,Health and beauty,1,1/25/2019
728-47-9078,Naypyitaw,Member,Male,Food and beverages,4,1/19/2019
809-46-1866,Yangon,Normal,Male,Health and beauty,4,1/23/2019
139-32-4183,Yangon,Member,Female,Sports and travel,9,3/14/2019
148-41-7930,Naypyitaw,Normal,Male,Health and beauty,7,1/23/2019
189-40-5216,Naypyitaw,Normal,Male,Electronic accessories,7,01/09/2019
785-13-7708,Mandalay,Normal,Male,Food and beverages,7,1/14/2019
670-79-6321,Mandalay,Member,Female,Home and lifestyle,7,1/17/2019
593-14-4239,Mandalay,Normal,Female,Home and lifestyle,8,03/05/2019
267-62-7380,Naypyitaw,Member,Male,Electronic accessories,10,3/29/2019
173-82-9529,Mandalay,Normal,Female,Fashion accessories,10,1/26/2019
886-18-2897,Yangon,Normal,Female,Food and beverages,5,3/22/2019
608-96-3517,Mandalay,Member,Female,Fashion accessories,4,3/23/2019
745-74-0715,Yangon,Normal,Male,Electronic accessories,2,03/10/2019
716-39-1409,Mandalay,Normal,Male,Health and beauty,7,3/19/2019
652-49-6720,Naypyitaw,Member,Female,Electronic accessories,1,2/18/2019
233-67-5758,Naypyitaw,Normal,Male,Health and beauty,1,1/29/2019
743-04-1105,Mandalay,Member,Male,Health and beauty,9,3/18/2019
727-02-1313,Yangon,Member,Male,Food and beverages,1,03/12/2019
347-56-2442,Yangon,Normal,Male,Home and lifestyle,1,2/22/2019
849-09-3807,Yangon,Member,Female,Fashion accessories,7,2/18/2019
